prefix,device_id,current_radio_name,current_radio_index,radio_name1,radio_standard1,radio_my1,radio_channel1,radio_network_id1,radio_radius1,radio_etx1,radio_erx1,radio_esleep1,radio_elisten1,radio_data_rate1,conso_tx_model1,conso_rx_model1
radio_module,1,radio1,1,radio1,ZIGBEE,0,0,13108,100,5.92e-05,2.86e-05,1e-07,1e-06,250000,Classical (Tx),Classical (Rx)
radio_module,2,radio1,1,radio1,ZIGBEE,0,0,13108,100,5.92e-05,2.86e-05,1e-07,1e-06,250000,Classical (Tx),Classical (Rx)
radio_module,3,radio1,1,radio1,ZIGBEE,0,0,13108,100,5.92e-05,2.86e-05,1e-07,1e-06,250000,Classical (Tx),Classical (Rx)
radio_module,4,radio1,1,radio1,ZIGBEE,0,0,13108,100,5.92e-05,2.86e-05,1e-07,1e-06,250000,Classical (Tx),Classical (Rx)
radio_module,5,radio1,1,radio1,ZIGBEE,0,0,13108,100,5.92e-05,2.86e-05,1e-07,1e-06,250000,Classical (Tx),Classical (Rx)
radio_module,6,radio1,1,radio1,ZIGBEE,0,0,13108,100,5.92e-05,2.86e-05,1e-07,1e-06,250000,Classical (Tx),Classical (Rx)
radio_module,7,radio1,1,radio1,ZIGBEE,0,0,13108,100,5.92e-05,2.86e-05,1e-07,1e-06,250000,Classical (Tx),Classical (Rx)
radio_module,8,radio1,1,radio1,ZIGBEE,0,0,13108,100,5.92e-05,2.86e-05,1e-07,1e-06,250000,Classical (Tx),Classical (Rx)
radio_module,9,radio1,1,radio1,ZIGBEE,0,0,13108,100,5.92e-05,2.86e-05,1e-07,1e-06,250000,Classical (Tx),Classical (Rx)
radio_module,10,radio1,1,radio1,ZIGBEE,0,0,13108,100,5.92e-05,2.86e-05,1e-07,1e-06,250000,Classical (Tx),Classical (Rx)
radio_module,11,radio1,1,radio1,ZIGBEE,0,0,13108,100,5.92e-05,2.86e-05,1e-07,1e-06,250000,Classical (Tx),Classical (Rx)
radio_module,12,radio1,1,radio1,ZIGBEE,0,0,13108,100,5.92e-05,2.86e-05,1e-07,1e-06,250000,Classical (Tx),Classical (Rx)
radio_module,13,radio1,1,radio1,ZIGBEE,0,0,13108,100,5.92e-05,2.86e-05,1e-07,1e-06,250000,Classical (Tx),Classical (Rx)
radio_module,14,radio1,1,radio1,ZIGBEE,0,0,13108,100,5.92e-05,2.86e-05,1e-07,1e-06,250000,Classical (Tx),Classical (Rx)
radio_module,15,radio1,1,radio1,ZIGBEE,0,0,13108,100,5.92e-05,2.86e-05,1e-07,1e-06,250000,Classical (Tx),Classical (Rx)
radio_module,16,radio1,1,radio1,ZIGBEE,0,0,13108,100,5.92e-05,2.86e-05,1e-07,1e-06,250000,Classical (Tx),Classical (Rx)
radio_module,17,radio1,1,radio1,ZIGBEE,0,0,13108,100,5.92e-05,2.86e-05,1e-07,1e-06,250000,Classical (Tx),Classical (Rx)
radio_module,18,radio1,1,radio1,ZIGBEE,0,0,13108,100,5.92e-05,2.86e-05,1e-07,1e-06,250000,Classical (Tx),Classical (Rx)
radio_module,19,radio1,1,radio1,ZIGBEE,0,0,13108,100,5.92e-05,2.86e-05,1e-07,1e-06,250000,Classical (Tx),Classical (Rx)
radio_module,20,radio1,1,radio1,ZIGBEE,0,0,13108,100,5.92e-05,2.86e-05,1e-07,1e-06,250000,Classical (Tx),Classical (Rx)
radio_module,21,radio1,1,radio1,ZIGBEE,0,0,13108,100,5.92e-05,2.86e-05,1e-07,1e-06,250000,Classical (Tx),Classical (Rx)
radio_module,22,radio1,1,radio1,ZIGBEE,0,0,13108,100,5.92e-05,2.86e-05,1e-07,1e-06,250000,Classical (Tx),Classical (Rx)
radio_module,23,radio1,1,radio1,ZIGBEE,0,0,13108,100,5.92e-05,2.86e-05,1e-07,1e-06,250000,Classical (Tx),Classical (Rx)
radio_module,24,radio1,1,radio1,ZIGBEE,0,0,13108,100,5.92e-05,2.86e-05,1e-07,1e-06,250000,Classical (Tx),Classical (Rx)
radio_module,25,radio1,1,radio1,ZIGBEE,0,0,13108,100,5.92e-05,2.86e-05,1e-07,1e-06,250000,Classical (Tx),Classical (Rx)
radio_module,26,radio1,1,radio1,ZIGBEE,0,0,13108,100,5.92e-05,2.86e-05,1e-07,1e-06,250000,Classical (Tx),Classical (Rx)
radio_module,27,radio1,1,radio1,ZIGBEE,0,0,13108,100,5.92e-05,2.86e-05,1e-07,1e-06,250000,Classical (Tx),Classical (Rx)
radio_module,28,radio1,1,radio1,ZIGBEE,0,0,13108,100,5.92e-05,2.86e-05,1e-07,1e-06,250000,Classical (Tx),Classical (Rx)
radio_module,29,radio1,1,radio1,ZIGBEE,0,0,13108,100,5.92e-05,2.86e-05,1e-07,1e-06,250000,Classical (Tx),Classical (Rx)
radio_module,30,radio1,1,radio1,ZIGBEE,0,0,13108,100,5.92e-05,2.86e-05,1e-07,1e-06,250000,Classical (Tx),Classical (Rx)
radio_module,31,radio1,1,radio1,ZIGBEE,0,0,13108,100,5.92e-05,2.86e-05,1e-07,1e-06,250000,Classical (Tx),Classical (Rx)
radio_module,32,radio1,1,radio1,ZIGBEE,0,0,13108,100,5.92e-05,2.86e-05,1e-07,1e-06,250000,Classical (Tx),Classical (Rx)
radio_module,33,radio1,1,radio1,ZIGBEE,0,0,13108,100,5.92e-05,2.86e-05,1e-07,1e-06,250000,Classical (Tx),Classical (Rx)
radio_module,34,radio1,1,radio1,ZIGBEE,0,0,13108,100,5.92e-05,2.86e-05,1e-07,1e-06,250000,Classical (Tx),Classical (Rx)
radio_module,35,radio1,1,radio1,ZIGBEE,0,0,13108,100,5.92e-05,2.86e-05,1e-07,1e-06,250000,Classical (Tx),Classical (Rx)
radio_module,36,radio1,1,radio1,ZIGBEE,0,0,13108,100,5.92e-05,2.86e-05,1e-07,1e-06,250000,Classical (Tx),Classical (Rx)
radio_module,37,radio1,1,radio1,ZIGBEE,0,0,13108,100,5.92e-05,2.86e-05,1e-07,1e-06,250000,Classical (Tx),Classical (Rx)
radio_module,38,radio1,1,radio1,ZIGBEE,0,0,13108,100,5.92e-05,2.86e-05,1e-07,1e-06,250000,Classical (Tx),Classical (Rx)
radio_module,39,radio1,1,radio1,ZIGBEE,0,0,13108,100,5.92e-05,2.86e-05,1e-07,1e-06,250000,Classical (Tx),Classical (Rx)
radio_module,40,radio1,1,radio1,ZIGBEE,0,0,13108,100,5.92e-05,2.86e-05,1e-07,1e-06,250000,Classical (Tx),Classical (Rx)
radio_module,41,radio1,1,radio1,ZIGBEE,0,0,13108,100,5.92e-05,2.86e-05,1e-07,1e-06,250000,Classical (Tx),Classical (Rx)
radio_module,42,radio1,1,radio1,ZIGBEE,0,0,13108,100,5.92e-05,2.86e-05,1e-07,1e-06,250000,Classical (Tx),Classical (Rx)
radio_module,43,radio1,1,radio1,ZIGBEE,0,0,13108,100,5.92e-05,2.86e-05,1e-07,1e-06,250000,Classical (Tx),Classical (Rx)
radio_module,44,radio1,1,radio1,ZIGBEE,0,0,13108,100,5.92e-05,2.86e-05,1e-07,1e-06,250000,Classical (Tx),Classical (Rx)
radio_module,45,radio1,1,radio1,ZIGBEE,0,0,13108,100,5.92e-05,2.86e-05,1e-07,1e-06,250000,Classical (Tx),Classical (Rx)
radio_module,53,radio1,1,radio1,ZIGBEE,0,0,13108,100,5.92e-05,2.86e-05,1e-07,1e-06,250000,Classical (Tx),Classical (Rx)
radio_module,54,radio1,1,radio1,ZIGBEE,0,0,13108,100,5.92e-05,2.86e-05,1e-07,1e-06,250000,Classical (Tx),Classical (Rx)
radio_module,55,radio1,1,radio1,ZIGBEE,0,0,13108,100,5.92e-05,2.86e-05,1e-07,1e-06,250000,Classical (Tx),Classical (Rx)
radio_module,56,radio1,1,radio1,ZIGBEE,0,0,13108,100,5.92e-05,2.86e-05,1e-07,1e-06,250000,Classical (Tx),Classical (Rx)
radio_module,57,radio1,1,radio1,ZIGBEE,0,0,13108,100,5.92e-05,2.86e-05,1e-07,1e-06,250000,Classical (Tx),Classical (Rx)
radio_module,58,radio1,1,radio1,ZIGBEE,0,0,13108,100,5.92e-05,2.86e-05,1e-07,1e-06,250000,Classical (Tx),Classical (Rx)
radio_module,59,radio1,1,radio1,ZIGBEE,0,0,13108,100,5.92e-05,2.86e-05,1e-07,1e-06,250000,Classical (Tx),Classical (Rx)
radio_module,60,radio1,1,radio1,ZIGBEE,0,0,13108,100,5.92e-05,2.86e-05,1e-07,1e-06,250000,Classical (Tx),Classical (Rx)
radio_module,61,radio1,1,radio1,ZIGBEE,0,0,13108,100,5.92e-05,2.86e-05,1e-07,1e-06,250000,Classical (Tx),Classical (Rx)
radio_module,62,radio1,1,radio1,ZIGBEE,0,0,13108,100,5.92e-05,2.86e-05,1e-07,1e-06,250000,Classical (Tx),Classical (Rx)
radio_module,63,radio1,1,radio1,ZIGBEE,0,0,13108,100,5.92e-05,2.86e-05,1e-07,1e-06,250000,Classical (Tx),Classical (Rx)
radio_module,64,radio1,1,radio1,ZIGBEE,0,0,13108,100,5.92e-05,2.86e-05,1e-07,1e-06,250000,Classical (Tx),Classical (Rx)
radio_module,65,radio1,1,radio1,ZIGBEE,0,0,13108,100,5.92e-05,2.86e-05,1e-07,1e-06,250000,Classical (Tx),Classical (Rx)
radio_module,66,radio1,1,radio1,ZIGBEE,0,0,13108,100,5.92e-05,2.86e-05,1e-07,1e-06,250000,Classical (Tx),Classical (Rx)
radio_module,67,radio1,1,radio1,ZIGBEE,0,0,13108,100,5.92e-05,2.86e-05,1e-07,1e-06,250000,Classical (Tx),Classical (Rx)
radio_module,68,radio1,1,radio1,ZIGBEE,0,0,13108,100,5.92e-05,2.86e-05,1e-07,1e-06,250000,Classical (Tx),Classical (Rx)
radio_module,69,radio1,1,radio1,ZIGBEE,0,0,13108,100,5.92e-05,2.86e-05,1e-07,1e-06,250000,Classical (Tx),Classical (Rx)
radio_module,70,radio1,1,radio1,ZIGBEE,0,0,13108,100,5.92e-05,2.86e-05,1e-07,1e-06,250000,Classical (Tx),Classical (Rx)
radio_module,71,radio1,1,radio1,ZIGBEE,0,0,13108,100,5.92e-05,2.86e-05,1e-07,1e-06,250000,Classical (Tx),Classical (Rx)
radio_module,72,radio1,1,radio1,ZIGBEE,0,0,13108,100,5.92e-05,2.86e-05,1e-07,1e-06,250000,Classical (Tx),Classical (Rx)
radio_module,73,radio1,1,radio1,ZIGBEE,0,0,13108,100,5.92e-05,2.86e-05,1e-07,1e-06,250000,Classical (Tx),Classical (Rx)
radio_module,74,radio1,1,radio1,ZIGBEE,0,0,13108,100,5.92e-05,2.86e-05,1e-07,1e-06,250000,Classical (Tx),Classical (Rx)
radio_module,75,radio1,1,radio1,ZIGBEE,0,0,13108,100,5.92e-05,2.86e-05,1e-07,1e-06,250000,Classical (Tx),Classical (Rx)
radio_module,76,radio1,1,radio1,ZIGBEE,0,0,13108,100,5.92e-05,2.86e-05,1e-07,1e-06,250000,Classical (Tx),Classical (Rx)
radio_module,77,radio1,1,radio1,ZIGBEE,0,0,13108,100,5.92e-05,2.86e-05,1e-07,1e-06,250000,Classical (Tx),Classical (Rx)
radio_module,78,radio1,1,radio1,ZIGBEE,0,0,13108,100,5.92e-05,2.86e-05,1e-07,1e-06,250000,Classical (Tx),Classical (Rx)
radio_module,79,radio1,1,radio1,ZIGBEE,0,0,13108,100,5.92e-05,2.86e-05,1e-07,1e-06,250000,Classical (Tx),Classical (Rx)
radio_module,80,radio1,1,radio1,ZIGBEE,0,0,13108,100,5.92e-05,2.86e-05,1e-07,1e-06,250000,Classical (Tx),Classical (Rx)
radio_module,81,radio1,1,radio1,ZIGBEE,0,0,13108,100,5.92e-05,2.86e-05,1e-07,1e-06,250000,Classical (Tx),Classical (Rx)
radio_module,82,radio1,1,radio1,ZIGBEE,0,0,13108,100,5.92e-05,2.86e-05,1e-07,1e-06,250000,Classical (Tx),Classical (Rx)
radio_module,83,radio1,1,radio1,ZIGBEE,0,0,13108,100,5.92e-05,2.86e-05,1e-07,1e-06,250000,Classical (Tx),Classical (Rx)
radio_module,84,radio1,1,radio1,ZIGBEE,0,0,13108,100,5.92e-05,2.86e-05,1e-07,1e-06,250000,Classical (Tx),Classical (Rx)
radio_module,85,radio1,1,radio1,ZIGBEE,0,0,13108,100,5.92e-05,2.86e-05,1e-07,1e-06,250000,Classical (Tx),Classical (Rx)
radio_module,86,radio1,1,radio1,ZIGBEE,0,0,13108,100,5.92e-05,2.86e-05,1e-07,1e-06,250000,Classical (Tx),Classical (Rx)
radio_module,87,radio1,1,radio1,ZIGBEE,0,0,13108,100,5.92e-05,2.86e-05,1e-07,1e-06,250000,Classical (Tx),Classical (Rx)
radio_module,88,radio1,1,radio1,ZIGBEE,0,0,13108,100,5.92e-05,2.86e-05,1e-07,1e-06,250000,Classical (Tx),Classical (Rx)
radio_module,89,radio1,1,radio1,ZIGBEE,0,0,13108,100,5.92e-05,2.86e-05,1e-07,1e-06,250000,Classical (Tx),Classical (Rx)
radio_module,90,radio1,1,radio1,ZIGBEE,0,0,13108,100,5.92e-05,2.86e-05,1e-07,1e-06,250000,Classical (Tx),Classical (Rx)
radio_module,91,radio1,1,radio1,ZIGBEE,0,0,13108,100,5.92e-05,2.86e-05,1e-07,1e-06,250000,Classical (Tx),Classical (Rx)
radio_module,92,radio1,1,radio1,ZIGBEE,0,0,13108,100,5.92e-05,2.86e-05,1e-07,1e-06,250000,Classical (Tx),Classical (Rx)
radio_module,93,radio1,1,radio1,ZIGBEE,0,0,13108,100,5.92e-05,2.86e-05,1e-07,1e-06,250000,Classical (Tx),Classical (Rx)
radio_module,94,radio1,1,radio1,ZIGBEE,0,0,13108,100,5.92e-05,2.86e-05,1e-07,1e-06,250000,Classical (Tx),Classical (Rx)
radio_module,95,radio1,1,radio1,ZIGBEE,0,0,13108,100,5.92e-05,2.86e-05,1e-07,1e-06,250000,Classical (Tx),Classical (Rx)
radio_module,96,radio1,1,radio1,ZIGBEE,0,0,13108,100,5.92e-05,2.86e-05,1e-07,1e-06,250000,Classical (Tx),Classical (Rx)
radio_module,97,radio1,1,radio1,ZIGBEE,0,0,13108,100,5.92e-05,2.86e-05,1e-07,1e-06,250000,Classical (Tx),Classical (Rx)
radio_module,105,radio1,1,radio1,ZIGBEE,0,0,13108,100,5.92e-05,2.86e-05,1e-07,1e-06,250000,Classical (Tx),Classical (Rx)
radio_module,106,radio1,1,radio1,ZIGBEE,0,0,13108,100,5.92e-05,2.86e-05,1e-07,1e-06,250000,Classical (Tx),Classical (Rx)
radio_module,107,radio1,1,radio1,ZIGBEE,0,0,13108,100,5.92e-05,2.86e-05,1e-07,1e-06,250000,Classical (Tx),Classical (Rx)
radio_module,108,radio1,1,radio1,ZIGBEE,0,0,13108,100,5.92e-05,2.86e-05,1e-07,1e-06,250000,Classical (Tx),Classical (Rx)
radio_module,109,radio1,1,radio1,ZIGBEE,0,0,13108,100,5.92e-05,2.86e-05,1e-07,1e-06,250000,Classical (Tx),Classical (Rx)
radio_module,110,radio1,1,radio1,ZIGBEE,0,0,13108,100,5.92e-05,2.86e-05,1e-07,1e-06,250000,Classical (Tx),Classical (Rx)
radio_module,111,radio1,1,radio1,ZIGBEE,0,0,13108,100,5.92e-05,2.86e-05,1e-07,1e-06,250000,Classical (Tx),Classical (Rx)
radio_module,112,radio1,1,radio1,ZIGBEE,0,0,13108,100,5.92e-05,2.86e-05,1e-07,1e-06,250000,Classical (Tx),Classical (Rx)
radio_module,113,radio1,1,radio1,ZIGBEE,0,0,13108,100,5.92e-05,2.86e-05,1e-07,1e-06,250000,Classical (Tx),Classical (Rx)
radio_module,114,radio1,1,radio1,ZIGBEE,0,0,13108,100,5.92e-05,2.86e-05,1e-07,1e-06,250000,Classical (Tx),Classical (Rx)
radio_module,115,radio1,1,radio1,ZIGBEE,0,0,13108,100,5.92e-05,2.86e-05,1e-07,1e-06,250000,Classical (Tx),Classical (Rx)
radio_module,116,radio1,1,radio1,ZIGBEE,0,0,13108,100,5.92e-05,2.86e-05,1e-07,1e-06,250000,Classical (Tx),Classical (Rx)
radio_module,117,radio1,1,radio1,ZIGBEE,0,0,13108,100,5.92e-05,2.86e-05,1e-07,1e-06,250000,Classical (Tx),Classical (Rx)
radio_module,118,radio1,1,radio1,ZIGBEE,0,0,13108,100,5.92e-05,2.86e-05,1e-07,1e-06,250000,Classical (Tx),Classical (Rx)
radio_module,119,radio1,1,radio1,ZIGBEE,0,0,13108,100,5.92e-05,2.86e-05,1e-07,1e-06,250000,Classical (Tx),Classical (Rx)
radio_module,120,radio1,1,radio1,ZIGBEE,0,0,13108,100,5.92e-05,2.86e-05,1e-07,1e-06,250000,Classical (Tx),Classical (Rx)
radio_module,121,radio1,1,radio1,ZIGBEE,0,0,13108,100,5.92e-05,2.86e-05,1e-07,1e-06,250000,Classical (Tx),Classical (Rx)
radio_module,122,radio1,1,radio1,ZIGBEE,0,0,13108,100,5.92e-05,2.86e-05,1e-07,1e-06,250000,Classical (Tx),Classical (Rx)
radio_module,123,radio1,1,radio1,ZIGBEE,0,0,13108,100,5.92e-05,2.86e-05,1e-07,1e-06,250000,Classical (Tx),Classical (Rx)
radio_module,124,radio1,1,radio1,ZIGBEE,0,0,13108,100,5.92e-05,2.86e-05,1e-07,1e-06,250000,Classical (Tx),Classical (Rx)
radio_module,125,radio1,1,radio1,ZIGBEE,0,0,13108,100,5.92e-05,2.86e-05,1e-07,1e-06,250000,Classical (Tx),Classical (Rx)
radio_module,126,radio1,1,radio1,ZIGBEE,0,0,13108,100,5.92e-05,2.86e-05,1e-07,1e-06,250000,Classical (Tx),Classical (Rx)
radio_module,127,radio1,1,radio1,ZIGBEE,0,0,13108,100,5.92e-05,2.86e-05,1e-07,1e-06,250000,Classical (Tx),Classical (Rx)
radio_module,128,radio1,1,radio1,ZIGBEE,0,0,13108,100,5.92e-05,2.86e-05,1e-07,1e-06,250000,Classical (Tx),Classical (Rx)
radio_module,129,radio1,1,radio1,ZIGBEE,0,0,13108,100,5.92e-05,2.86e-05,1e-07,1e-06,250000,Classical (Tx),Classical (Rx)
radio_module,130,radio1,1,radio1,ZIGBEE,0,0,13108,100,5.92e-05,2.86e-05,1e-07,1e-06,250000,Classical (Tx),Classical (Rx)
radio_module,131,radio1,1,radio1,ZIGBEE,0,0,13108,100,5.92e-05,2.86e-05,1e-07,1e-06,250000,Classical (Tx),Classical (Rx)
radio_module,132,radio1,1,radio1,ZIGBEE,0,0,13108,100,5.92e-05,2.86e-05,1e-07,1e-06,250000,Classical (Tx),Classical (Rx)
radio_module,133,radio1,1,radio1,ZIGBEE,0,0,13108,100,5.92e-05,2.86e-05,1e-07,1e-06,250000,Classical (Tx),Classical (Rx)
radio_module,134,radio1,1,radio1,ZIGBEE,0,0,13108,100,5.92e-05,2.86e-05,1e-07,1e-06,250000,Classical (Tx),Classical (Rx)
radio_module,135,radio1,1,radio1,ZIGBEE,0,0,13108,100,5.92e-05,2.86e-05,1e-07,1e-06,250000,Classical (Tx),Classical (Rx)
radio_module,136,radio1,1,radio1,ZIGBEE,0,0,13108,100,5.92e-05,2.86e-05,1e-07,1e-06,250000,Classical (Tx),Classical (Rx)
radio_module,137,radio1,1,radio1,ZIGBEE,0,0,13108,100,5.92e-05,2.86e-05,1e-07,1e-06,250000,Classical (Tx),Classical (Rx)
radio_module,138,radio1,1,radio1,ZIGBEE,0,0,13108,100,5.92e-05,2.86e-05,1e-07,1e-06,250000,Classical (Tx),Classical (Rx)
radio_module,139,radio1,1,radio1,ZIGBEE,0,0,13108,100,5.92e-05,2.86e-05,1e-07,1e-06,250000,Classical (Tx),Classical (Rx)
radio_module,140,radio1,1,radio1,ZIGBEE,0,0,13108,100,5.92e-05,2.86e-05,1e-07,1e-06,250000,Classical (Tx),Classical (Rx)
radio_module,141,radio1,1,radio1,ZIGBEE,0,0,13108,100,5.92e-05,2.86e-05,1e-07,1e-06,250000,Classical (Tx),Classical (Rx)
radio_module,142,radio1,1,radio1,ZIGBEE,0,0,13108,100,5.92e-05,2.86e-05,1e-07,1e-06,250000,Classical (Tx),Classical (Rx)
radio_module,143,radio1,1,radio1,ZIGBEE,0,0,13108,100,5.92e-05,2.86e-05,1e-07,1e-06,250000,Classical (Tx),Classical (Rx)
radio_module,144,radio1,1,radio1,ZIGBEE,0,0,13108,100,5.92e-05,2.86e-05,1e-07,1e-06,250000,Classical (Tx),Classical (Rx)
radio_module,145,radio1,1,radio1,ZIGBEE,0,0,13108,100,5.92e-05,2.86e-05,1e-07,1e-06,250000,Classical (Tx),Classical (Rx)
radio_module,146,radio1,1,radio1,ZIGBEE,0,0,13108,100,5.92e-05,2.86e-05,1e-07,1e-06,250000,Classical (Tx),Classical (Rx)
radio_module,147,radio1,1,radio1,ZIGBEE,0,0,13108,100,5.92e-05,2.86e-05,1e-07,1e-06,250000,Classical (Tx),Classical (Rx)
radio_module,148,radio1,1,radio1,ZIGBEE,0,0,13108,100,5.92e-05,2.86e-05,1e-07,1e-06,250000,Classical (Tx),Classical (Rx)
radio_module,149,radio1,1,radio1,ZIGBEE,0,0,13108,100,5.92e-05,2.86e-05,1e-07,1e-06,250000,Classical (Tx),Classical (Rx)
radio_module,157,radio1,1,radio1,ZIGBEE,0,0,13108,100,5.92e-05,2.86e-05,1e-07,1e-06,250000,Classical (Tx),Classical (Rx)
radio_module,158,radio1,1,radio1,ZIGBEE,0,0,13108,100,5.92e-05,2.86e-05,1e-07,1e-06,250000,Classical (Tx),Classical (Rx)
radio_module,159,radio1,1,radio1,ZIGBEE,0,0,13108,100,5.92e-05,2.86e-05,1e-07,1e-06,250000,Classical (Tx),Classical (Rx)
radio_module,160,radio1,1,radio1,ZIGBEE,0,0,13108,100,5.92e-05,2.86e-05,1e-07,1e-06,250000,Classical (Tx),Classical (Rx)
radio_module,161,radio1,1,radio1,ZIGBEE,0,0,13108,100,5.92e-05,2.86e-05,1e-07,1e-06,250000,Classical (Tx),Classical (Rx)
radio_module,162,radio1,1,radio1,ZIGBEE,0,0,13108,100,5.92e-05,2.86e-05,1e-07,1e-06,250000,Classical (Tx),Classical (Rx)
radio_module,163,radio1,1,radio1,ZIGBEE,0,0,13108,100,5.92e-05,2.86e-05,1e-07,1e-06,250000,Classical (Tx),Classical (Rx)
radio_module,164,radio1,1,radio1,ZIGBEE,0,0,13108,100,5.92e-05,2.86e-05,1e-07,1e-06,250000,Classical (Tx),Classical (Rx)
radio_module,165,radio1,1,radio1,ZIGBEE,0,0,13108,100,5.92e-05,2.86e-05,1e-07,1e-06,250000,Classical (Tx),Classical (Rx)
radio_module,166,radio1,1,radio1,ZIGBEE,0,0,13108,100,5.92e-05,2.86e-05,1e-07,1e-06,250000,Classical (Tx),Classical (Rx)
radio_module,167,radio1,1,radio1,ZIGBEE,0,0,13108,100,5.92e-05,2.86e-05,1e-07,1e-06,250000,Classical (Tx),Classical (Rx)
radio_module,168,radio1,1,radio1,ZIGBEE,0,0,13108,100,5.92e-05,2.86e-05,1e-07,1e-06,250000,Classical (Tx),Classical (Rx)
radio_module,169,radio1,1,radio1,ZIGBEE,0,0,13108,100,5.92e-05,2.86e-05,1e-07,1e-06,250000,Classical (Tx),Classical (Rx)
radio_module,170,radio1,1,radio1,ZIGBEE,0,0,13108,100,5.92e-05,2.86e-05,1e-07,1e-06,250000,Classical (Tx),Classical (Rx)
radio_module,171,radio1,1,radio1,ZIGBEE,0,0,13108,100,5.92e-05,2.86e-05,1e-07,1e-06,250000,Classical (Tx),Classical (Rx)
radio_module,172,radio1,1,radio1,ZIGBEE,0,0,13108,100,5.92e-05,2.86e-05,1e-07,1e-06,250000,Classical (Tx),Classical (Rx)
radio_module,173,radio1,1,radio1,ZIGBEE,0,0,13108,100,5.92e-05,2.86e-05,1e-07,1e-06,250000,Classical (Tx),Classical (Rx)
radio_module,174,radio1,1,radio1,ZIGBEE,0,0,13108,100,5.92e-05,2.86e-05,1e-07,1e-06,250000,Classical (Tx),Classical (Rx)
radio_module,175,radio1,1,radio1,ZIGBEE,0,0,13108,100,5.92e-05,2.86e-05,1e-07,1e-06,250000,Classical (Tx),Classical (Rx)
radio_module,176,radio1,1,radio1,ZIGBEE,0,0,13108,100,5.92e-05,2.86e-05,1e-07,1e-06,250000,Classical (Tx),Classical (Rx)
radio_module,177,radio1,1,radio1,ZIGBEE,0,0,13108,100,5.92e-05,2.86e-05,1e-07,1e-06,250000,Classical (Tx),Classical (Rx)
radio_module,178,radio1,1,radio1,ZIGBEE,0,0,13108,100,5.92e-05,2.86e-05,1e-07,1e-06,250000,Classical (Tx),Classical (Rx)
radio_module,179,radio1,1,radio1,ZIGBEE,0,0,13108,100,5.92e-05,2.86e-05,1e-07,1e-06,250000,Classical (Tx),Classical (Rx)
radio_module,180,radio1,1,radio1,ZIGBEE,0,0,13108,100,5.92e-05,2.86e-05,1e-07,1e-06,250000,Classical (Tx),Classical (Rx)
radio_module,181,radio1,1,radio1,ZIGBEE,0,0,13108,100,5.92e-05,2.86e-05,1e-07,1e-06,250000,Classical (Tx),Classical (Rx)
radio_module,182,radio1,1,radio1,ZIGBEE,0,0,13108,100,5.92e-05,2.86e-05,1e-07,1e-06,250000,Classical (Tx),Classical (Rx)
radio_module,183,radio1,1,radio1,ZIGBEE,0,0,13108,100,5.92e-05,2.86e-05,1e-07,1e-06,250000,Classical (Tx),Classical (Rx)
radio_module,184,radio1,1,radio1,ZIGBEE,0,0,13108,100,5.92e-05,2.86e-05,1e-07,1e-06,250000,Classical (Tx),Classical (Rx)
radio_module,185,radio1,1,radio1,ZIGBEE,0,0,13108,100,5.92e-05,2.86e-05,1e-07,1e-06,250000,Classical (Tx),Classical (Rx)
radio_module,186,radio1,1,radio1,ZIGBEE,0,0,13108,100,5.92e-05,2.86e-05,1e-07,1e-06,250000,Classical (Tx),Classical (Rx)
radio_module,187,radio1,1,radio1,ZIGBEE,0,0,13108,100,5.92e-05,2.86e-05,1e-07,1e-06,250000,Classical (Tx),Classical (Rx)
radio_module,188,radio1,1,radio1,ZIGBEE,0,0,13108,100,5.92e-05,2.86e-05,1e-07,1e-06,250000,Classical (Tx),Classical (Rx)
radio_module,189,radio1,1,radio1,ZIGBEE,0,0,13108,100,5.92e-05,2.86e-05,1e-07,1e-06,250000,Classical (Tx),Classical (Rx)
radio_module,190,radio1,1,radio1,ZIGBEE,0,0,13108,100,5.92e-05,2.86e-05,1e-07,1e-06,250000,Classical (Tx),Classical (Rx)
radio_module,191,radio1,1,radio1,ZIGBEE,0,0,13108,100,5.92e-05,2.86e-05,1e-07,1e-06,250000,Classical (Tx),Classical (Rx)
radio_module,192,radio1,1,radio1,ZIGBEE,0,0,13108,100,5.92e-05,2.86e-05,1e-07,1e-06,250000,Classical (Tx),Classical (Rx)
radio_module,193,radio1,1,radio1,ZIGBEE,0,0,13108,100,5.92e-05,2.86e-05,1e-07,1e-06,250000,Classical (Tx),Classical (Rx)
radio_module,194,radio1,1,radio1,ZIGBEE,0,0,13108,100,5.92e-05,2.86e-05,1e-07,1e-06,250000,Classical (Tx),Classical (Rx)
radio_module,195,radio1,1,radio1,ZIGBEE,0,0,13108,100,5.92e-05,2.86e-05,1e-07,1e-06,250000,Classical (Tx),Classical (Rx)
radio_module,196,radio1,1,radio1,ZIGBEE,0,0,13108,100,5.92e-05,2.86e-05,1e-07,1e-06,250000,Classical (Tx),Classical (Rx)
radio_module,197,radio1,1,radio1,ZIGBEE,0,0,13108,100,5.92e-05,2.86e-05,1e-07,1e-06,250000,Classical (Tx),Classical (Rx)
radio_module,198,radio1,1,radio1,ZIGBEE,0,0,13108,100,5.92e-05,2.86e-05,1e-07,1e-06,250000,Classical (Tx),Classical (Rx)
radio_module,199,radio1,1,radio1,ZIGBEE,0,0,13108,100,5.92e-05,2.86e-05,1e-07,1e-06,250000,Classical (Tx),Classical (Rx)
radio_module,200,radio1,1,radio1,ZIGBEE,0,0,13108,100,5.92e-05,2.86e-05,1e-07,1e-06,250000,Classical (Tx),Classical (Rx)
radio_module,201,radio1,1,radio1,ZIGBEE,0,0,13108,100,5.92e-05,2.86e-05,1e-07,1e-06,250000,Classical (Tx),Classical (Rx)
